Renewables: Generation- Wind*,,,,,,,,,,,,,,,,,,,,,,,,,,,,,,,,,,,,,,,,,,,,,,,,,,,,,,,,
,,,,,,,,,,,,,,,,,,,,,,,,,,,,,,,,,,,,,,,,,,,,,,,,,,,,,,Growth rate per annum,,Share
Terawatt-hours,1965,1966,1967,1968,1969,1970,1971,1972,1973,1974,1975,1976,1977,1978,1979,1980,1981,1982,1983,1984,1985,1986,1987,1988,1989,1990,1991,1992,1993,1994,1995,1996,1997,1998,1999,2000,2001,2002,2003,2004,2005,2006,2007,2008,2009,2010,2011,2012,2013,2014,2015,2016,2017,2017,2006-16,2017
,,,,,,,,,,,,,,,,,,,,,,,,,,,,,,,,,,,,,,,,,,,,,,,,,,,,,,,,
US,-,-,-,-,-,-,-,-,-,-,-,-,-,-,-,-,-,-,^,^,^,^,^,^,2.1,2.8,3.0,2.9,3.0,3.5,3.2,3.3,3.3,3.1,4.5,5.6,6.8,10.5,11.3,14.3,18.0,26.9,34.8,55.9,74.6,95.6,121.4,142.2,169.5,183.5,192.6,229.3,256.8,12.3%,23.9%,22.9%
Canada,-,-,-,-,-,-,-,-,-,-,-,-,-,-,-,-,-,-,-,-,^,^,^,^,^,^,^,0.1,0.1,0.1,0.1,0.1,0.1,0.1,0.2,0.3,0.3,0.4,0.7,0.9,1.6,2.4,3.0,3.8,6.6,8.6,10.2,11.3,18.0,22.5,27.0,30.8,32.5,6.0%,28.8%,2.9%
Mexico,-,-,-,-,-,-,-,-,-,-,-,-,-,-,-,-,-,-,-,-,-,-,-,-,-,^,^,^,^,^,^,^,^,^,^,^,^,^,^,^,^,^,0.2,0.3,0.6,1.2,1.6,3.7,4.2,6.4,8.7,10.4,11.7,13.5%,72.3%,1.0%
Total North America,-,-,-,-,-,-,-,-,-,-,-,-,-,-,-,-,-,-,^,^,^,^,^,^,2.1,2.8,3.0,3.0,3.1,3.5,3.3,3.3,3.4,3.1,4.7,5.9,7.2,10.9,12.0,15.3,19.6,29.4,38.0,59.9,81.8,105.5,133.2,157.2,191.7,212.5,228.4,270.4,301.1,11.6%,24.9%,26.8%
,,,,,,,,,,,,,,,,,,,,,,,,,,,,,,,,,,,,,,,,,,,,,,,,,,,,,,,,
Argentina,-,-,-,-,-,-,-,-,-,-,-,-,-,-,-,-,-,-,-,-,-,-,-,-,-,-,-,-,-,-,-,^,^,^,^,^,^,0.1,0.1,0.1,0.1,0.1,0.1,^,^,^,^,0.4,0.5,0.6,0.6,0.5,0.6,12.9%,22.9%,0.1%
Brazil,-,-,-,-,-,-,-,-,-,-,-,-,-,-,-,-,-,-,-,-,-,-,-,-,-,-,-,-,-,-,-,^,^,^,^,^,^,0.1,0.1,0.1,0.1,0.2,0.7,1.2,1.2,2.2,2.7,5.1,6.6,12.2,21.6,33.5,42.7,27.9%,64.1%,3.8%
Chile,-,-,-,-,-,-,-,-,-,-,-,-,-,-,-,-,-,-,-,-,-,-,-,-,-,-,-,-,-,-,-,-,-,-,-,-,^,^,^,^,^,^,^,^,0.1,0.3,0.3,0.4,0.5,1.4,2.1,2.5,3.8,55.3%,79.7%,0.3%
Colombia,-,-,-,-,-,-,-,-,-,-,-,-,-,-,-,-,-,-,-,-,-,-,-,-,-,-,-,-,-,-,-,-,-,-,-,-,-,-,-,0.1,^,0.1,^,0.1,0.1,^,^,0.1,0.1,0.1,0.1,0.1,^,-93.9%,-2.1%,?
Ecuador,-,-,-,-,-,-,-,-,-,-,-,-,-,-,-,-,-,-,-,-,-,-,-,-,-,-,-,-,-,-,-,-,-,-,-,-,-,-,-,-,-,-,^,^,^,^,^,^,0.1,0.1,0.1,0.1,0.1,-12.3%,?,?
Peru,-,-,-,-,-,-,-,-,-,-,-,-,-,-,-,-,-,-,-,-,-,-,-,-,-,-,-,-,-,-,-,^,^,^,^,^,^,^,^,^,^,^,^,^,^,^,^,^,^,0.3,0.6,1.1,1.1,1.3%,97.0%,0.1%
Trinidad & Tobago,-,-,-,-,-,-,-,-,-,-,-,-,-,-,-,-,-,-,-,-,-,-,-,-,-,-,-,-,-,-,-,-,-,-,-,-,-,-,-,-,-,-,-,-,-,-,-,-,-,-,-,-,-,?,?,?
Venezuela,-,-,-,-,-,-,-,-,-,-,-,-,-,-,-,-,-,-,-,-,-,-,-,-,-,-,-,-,-,-,-,-,-,-,-,-,-,-,-,-,-,-,-,-,-,-,-,-,-,-,^,^,^,?,?,?
Central America,-,-,-,-,-,-,-,-,-,-,-,-,-,-,-,-,-,-,-,-,-,-,-,-,-,-,-,-,-,-,-,^,0.1,0.1,0.1,0.2,0.2,0.3,0.2,0.3,0.2,0.3,0.2,0.2,0.4,0.5,0.7,1.1,1.3,2.1,3.1,3.3,3.2,-2.4%,28.3%,0.3%
Other Caribbean,-,-,-,-,-,-,-,-,-,-,-,-,-,-,-,-,-,-,-,-,-,-,-,-,-,-,-,-,^,^,^,^,^,^,^,^,^,0.1,0.1,0.1,0.1,0.1,0.1,0.1,0.2,0.3,0.4,0.7,1.3,1.3,1.5,1.6,1.8,14.6%,29.2%,0.2%
Other South America,-,-,-,-,-,-,-,-,-,-,-,-,-,-,-,-,-,-,-,-,-,-,-,-,-,-,-,-,-,-,-,-,-,-,-,^,^,^,^,^,^,^,^,^,^,0.1,0.1,0.1,0.2,0.7,2.1,3.0,3.8,26.5%,123.0%,0.3%
Total S. & Cent. America,-,-,-,-,-,-,-,-,-,-,-,-,-,-,-,-,-,-,-,-,-,-,-,-,-,-,-,-,^,^,^,^,0.1,0.1,0.1,0.3,0.3,0.5,0.4,0.5,0.5,0.8,1.2,1.7,2.1,3.4,4.3,7.8,10.5,18.8,31.8,45.6,57.2,25.6%,50.3%,5.1%
,,,,,,,,,,,,,,,,,,,,,,,,,,,,,,,,,,,,,,,,,,,,,,,,,,,,,,,,
Austria,-,-,-,-,-,-,-,-,-,-,-,-,-,-,-,-,-,-,-,-,-,-,-,-,-,-,-,-,-,-,^,^,^,^,0.1,0.1,0.2,0.2,0.4,0.9,1.3,1.8,2.0,2.0,2.0,2.1,1.9,2.5,3.2,3.8,4.8,5.2,6.5,25.0%,11.6%,0.6%
Belgium,-,-,-,-,-,-,-,-,-,-,-,-,-,-,-,-,-,-,-,-,-,-,^,^,^,^,^,^,^,^,^,^,^,^,^,^,^,0.1,0.1,0.1,0.2,0.4,0.5,0.6,1.0,1.3,2.3,2.8,3.7,4.6,5.6,5.4,6.6,22.4%,31.0%,0.6%
Bulgaria,-,-,-,-,-,-,-,-,-,-,-,-,-,-,-,-,-,-,-,-,-,-,-,-,-,-,-,-,-,-,-,-,-,-,-,-,-,-,-,^,^,^,^,0.1,0.2,0.7,0.9,1.2,1.4,1.3,1.5,1.4,1.5,6.7%,53.2%,0.1%
Croatia,n/a,n/a,n/a,n/a,n/a,n/a,n/a,n/a,n/a,n/a,n/a,n/a,n/a,n/a,n/a,n/a,n/a,n/a,n/a,n/a,n/a,n/a,n/a,n/a,n/a,-,-,-,-,-,-,-,-,-,-,-,-,-,-,^,^,^,^,^,0.1,0.1,0.2,0.3,0.5,0.7,0.8,1.0,1.2,19.1%,48.8%,0.1%
Cyprus,-,-,-,-,-,-,-,-,-,-,-,-,-,-,-,-,-,-,-,-,-,-,-,-,-,-,-,-,-,-,-,-,-,-,-,-,-,-,-,^,^,^,^,^,^,^,0.1,0.2,0.2,0.2,0.2,0.2,0.2,-6.7%,90.8%,?
Czech Republic,-,-,-,-,-,-,-,-,-,-,-,-,-,-,-,-,-,-,-,-,-,-,-,-,-,-,-,-,-,-,-,-,-,-,-,-,^,^,^,^,^,^,0.1,0.2,0.3,0.3,0.4,0.4,0.5,0.5,0.6,0.5,0.6,19.2%,26.0%,0.1%
Denmark,-,-,-,-,-,-,-,-,-,-,-,-,-,^,^,^,^,^,^,^,0.1,0.1,0.2,0.3,0.4,0.6,0.7,0.9,1.0,1.1,1.2,1.2,1.9,2.8,3.0,4.2,4.3,4.9,5.6,6.6,6.6,6.1,7.2,6.9,6.7,7.8,9.8,10.3,11.1,13.1,14.1,12.8,14.8,15.9%,7.7%,1.3%
Estonia,n/a,n/a,n/a,n/a,n/a,n/a,n/a,n/a,n/a,n/a,n/a,n/a,n/a,n/a,n/a,n/a,n/a,n/a,n/a,n/a,-,-,-,-,-,-,-,-,-,-,-,-,-,-,-,-,-,^,^,^,0.1,0.1,0.1,0.1,0.2,0.3,0.4,0.4,0.5,0.6,0.7,0.6,0.7,20.6%,22.8%,0.1%
Finland,-,-,-,-,-,-,-,-,-,-,-,-,-,-,-,-,-,-,-,-,-,-,-,-,-,-,^,^,^,^,^,^,^,^,^,0.1,0.1,0.1,0.1,0.1,0.2,0.2,0.2,0.3,0.3,0.3,0.5,0.5,0.8,1.1,2.3,3.1,4.8,56.9%,35.0%,0.4%
France,-,-,-,-,-,-,-,-,-,-,-,-,-,-,-,-,-,-,-,-,-,-,-,-,-,^,^,^,^,^,^,^,^,^,^,^,0.1,0.3,0.4,0.6,1.0,2.2,4.1,5.7,7.9,9.9,12.1,14.9,16.0,17.2,21.2,21.4,24.3,13.9%,25.6%,2.2%
Germany,-,-,-,-,-,-,-,-,-,-,-,-,-,-,-,-,-,-,-,-,-,^,^,^,^,0.1,0.1,0.3,0.6,0.9,1.5,2.0,3.0,4.5,5.5,9.5,10.5,15.8,18.7,25.5,27.2,30.7,39.7,40.6,38.6,38.5,49.9,51.7,52.7,58.5,80.6,79.9,106.6,33.8%,10.0%,9.5%
Greece,-,-,-,-,-,-,-,-,-,-,-,-,-,-,-,-,-,-,-,-,-,-,^,^,^,^,^,^,^,^,^,^,^,0.1,0.2,0.5,0.8,0.7,1.0,1.1,1.3,1.7,1.8,2.2,2.5,2.7,3.3,3.9,4.1,3.7,4.6,5.1,5.5,7.9%,11.7%,0.5%
Hungary,-,-,-,-,-,-,-,-,-,-,-,-,-,-,-,-,-,-,-,-,-,-,-,-,-,-,-,-,-,-,-,-,-,-,-,-,^,^,^,^,^,^,0.1,0.2,0.3,0.5,0.6,0.8,0.7,0.7,0.7,0.7,0.8,11.1%,31.9%,0.1%
Iceland,-,-,-,-,-,-,-,-,-,-,-,-,-,-,-,-,-,-,-,-,-,-,-,-,-,-,-,-,-,-,-,-,-,-,-,-,-,-,-,-,-,-,-,-,-,-,^,-,^,^,^,^,^,-11.5%,?,?
Ireland,-,-,-,-,-,-,-,-,-,-,-,-,-,-,-,-,-,-,-,-,-,-,-,-,-,-,-,^,^,^,^,^,0.1,0.2,0.2,0.2,0.3,0.4,0.5,0.7,1.1,1.6,2.0,2.4,3.0,2.8,4.4,4.0,4.5,5.1,6.6,6.1,7.4,21.4%,14.3%,0.7%
Italy,-,-,-,-,-,-,-,-,-,-,-,-,-,-,-,-,-,-,-,-,-,-,-,-,^,^,^,^,^,^,^,^,0.1,0.2,0.4,0.6,1.2,1.4,1.5,1.8,2.3,3.0,4.0,4.9,6.5,9.1,9.9,13.4,14.9,15.2,14.8,17.7,17.7,0.1%,19.5%,1.6%
Latvia,n/a,n/a,n/a,n/a,n/a,n/a,n/a,n/a,n/a,n/a,n/a,n/a,n/a,n/a,n/a,n/a,n/a,n/a,n/a,n/a,-,-,-,-,-,-,-,-,-,-,-,^,^,^,^,^,^,^,^,^,^,^,0.1,0.1,^,^,0.1,0.1,0.1,0.1,0.1,0.1,0.2,18.0%,10.9%,?
Lithuania,n/a,n/a,n/a,n/a,n/a,n/a,n/a,n/a,n/a,n/a,n/a,n/a,n/a,n/a,n/a,n/a,n/a,n/a,n/a,n/a,-,-,-,-,-,-,-,-,-,-,-,-,-,-,-,-,-,-,-,^,^,^,0.1,0.1,0.2,0.2,0.5,0.5,0.6,0.6,0.8,1.1,1.4,19.2%,55.5%,0.1%
Luxembourg,-,-,-,-,-,-,-,-,-,-,-,-,-,-,-,-,-,-,-,-,-,-,-,-,-,-,-,-,-,-,-,-,^,^,^,^,^,^,^,^,0.1,0.1,0.1,0.1,0.1,0.1,0.1,0.1,0.1,0.1,0.1,0.1,0.2,135.8%,5.8%,?
Macedonia,n/a,n/a,n/a,n/a,n/a,n/a,n/a,n/a,n/a,n/a,n/a,n/a,n/a,n/a,n/a,n/a,n/a,n/a,n/a,n/a,n/a,n/a,n/a,n/a,n/a,-,-,-,-,-,-,-,-,-,-,-,-,-,-,-,-,-,-,-,-,-,-,-,-,0.1,0.1,0.1,0.1,1.2%,?,?
Netherlands,-,-,-,-,-,-,-,-,-,-,-,-,-,-,-,-,-,-,-,-,-,^,^,^,^,0.1,0.1,0.1,0.2,0.2,0.3,0.4,0.5,0.6,0.6,0.8,0.8,0.9,1.3,1.9,2.1,2.7,3.4,4.3,4.6,4.0,5.1,5.0,5.6,5.8,7.5,8.2,10.6,29.8%,11.6%,0.9%
Norway,-,-,-,-,-,-,-,-,-,-,-,-,-,-,-,-,-,-,-,-,-,-,-,-,-,-,-,-,-,-,-,-,-,-,^,^,^,^,0.2,0.3,0.5,0.6,0.9,0.9,1.0,0.9,1.3,1.5,1.9,2.2,2.5,2.1,2.8,35.1%,12.8%,0.3%
Poland,-,-,-,-,-,-,-,-,-,-,-,-,-,-,-,-,-,-,-,-,-,-,-,-,-,-,-,-,-,-,^,-,^,^,^,^,^,0.1,0.1,0.1,0.1,0.3,0.5,0.8,1.1,1.7,3.2,4.7,6.0,7.7,10.9,12.6,14.9,18.7%,47.6%,1.3%
Portugal,-,-,-,-,-,-,-,-,-,-,-,-,-,-,-,-,-,-,-,-,-,-,-,-,^,^,^,^,^,^,^,^,^,0.1,0.1,0.2,0.3,0.4,0.5,0.8,1.8,2.9,4.0,5.8,7.6,9.2,9.2,10.3,12.0,12.1,11.6,12.5,12.3,-1.5%,15.6%,1.1%
Romania,-,-,-,-,-,-,-,-,-,-,-,-,-,-,-,-,-,-,-,-,-,-,-,-,-,^,-,-,-,-,-,-,-,-,-,-,-,-,-,-,-,^,^,^,^,0.3,1.4,2.6,4.5,4.7,7.1,6.6,7.4,12.8%,140.9%,0.7%
Slovakia,-,-,-,-,-,-,-,-,-,-,-,-,-,-,-,-,-,-,-,-,-,-,-,-,-,-,-,-,-,-,-,-,-,-,-,-,-,-,^,^,^,^,^,^,^,^,^,^,^,^,^,^,^,?,?,?
Slovenia,n/a,n/a,n/a,n/a,n/a,n/a,n/a,n/a,n/a,n/a,n/a,n/a,n/a,n/a,n/a,n/a,n/a,n/a,n/a,n/a,n/a,n/a,n/a,n/a,n/a,-,-,-,-,-,-,-,-,-,-,-,-,-,-,-,-,-,-,-,-,-,-,-,^,^,^,^,^,-4.7%,?,?
Spain,-,-,-,-,-,-,-,-,-,-,-,-,-,-,-,-,-,-,-,-,-,-,-,-,^,^,^,0.1,0.1,0.2,0.3,0.4,0.7,1.4,2.7,4.7,6.8,9.3,12.1,15.7,21.2,23.3,27.6,32.9,37.9,43.7,42.4,49.5,55.8,52.0,49.3,48.9,49.1,0.7%,7.7%,4.4%
Sweden,-,-,-,-,-,-,-,-,-,-,-,-,-,-,-,-,-,-,^,^,^,^,^,^,^,^,^,^,0.1,0.1,0.1,0.1,0.2,0.3,0.4,0.5,0.5,0.6,0.7,0.9,0.9,1.0,1.4,2.0,2.5,3.5,6.1,7.2,9.8,11.2,16.3,15.5,17.3,12.3%,31.7%,1.5%
Switzerland,-,-,-,-,-,-,-,-,-,-,-,-,-,-,-,-,-,-,-,-,-,-,-,-,-,-,-,-,-,-,-,^,^,^,^,^,^,^,^,^,^,^,^,^,^,^,0.1,0.1,0.1,0.1,0.1,0.1,0.1,-4.3%,21.9%,?
Turkey,-,-,-,-,-,-,-,-,-,-,-,-,-,-,-,-,-,-,-,-,-,-,-,-,-,-,-,-,-,-,-,-,-,^,^,^,0.1,^,0.1,0.1,0.1,0.1,0.4,0.8,1.5,2.9,4.7,5.9,7.6,8.5,11.7,15.5,17.9,15.4%,61.3%,1.6%
United Kingdom,-,-,-,-,-,-,-,-,-,-,-,-,-,-,-,-,-,-,-,-,-,-,-,-,^,^,^,^,0.2,0.3,0.4,0.5,0.7,0.9,0.9,0.9,1.0,1.3,1.3,1.9,2.9,4.2,5.3,7.1,9.3,10.3,16.0,19.8,28.4,32.0,40.3,37.4,49.6,33.1%,24.3%,4.4%
Other Europe,-,-,-,-,-,-,-,-,-,-,-,-,-,-,-,-,-,-,-,-,-,-,-,-,-,-,-,-,^,^,^,^,^,^,^,^,^,^,^,^,^,^,^,^,^,^,^,^,^,^,0.1,0.1,0.2,119.9%,18.7%,?
Total Europe,-,-,-,-,-,-,-,-,-,-,-,-,-,^,^,^,^,^,^,^,0.1,0.1,0.2,0.3,0.5,0.8,1.0,1.5,2.3,3.0,3.9,4.8,7.3,11.2,14.2,22.4,26.9,36.4,44.5,59.3,71.1,83.1,105.7,121.3,135.3,153.4,186.6,214.6,247.5,263.7,317.8,322.2,383.4,19.3%,14.5%,34.1%
,,,,,,,,,,,,,,,,,,,,,,,,,,,,,,,,,,,,,,,,,,,,,,,,,,,,,,,,
Azerbaijan,n/a,n/a,n/a,n/a,n/a,n/a,n/a,n/a,n/a,n/a,n/a,n/a,n/a,n/a,n/a,n/a,n/a,n/a,n/a,n/a,-,-,-,-,-,-,-,-,-,-,-,-,-,-,-,-,-,-,-,-,-,-,-,-,^,^,-,-,^,^,^,^,^,-2.8%,?,?
Belarus,n/a,n/a,n/a,n/a,n/a,n/a,n/a,n/a,n/a,n/a,n/a,n/a,n/a,n/a,n/a,n/a,n/a,n/a,n/a,n/a,-,-,-,-,-,-,-,-,-,-,-,-,-,-,-,-,-,-,-,^,^,^,^,^,^,^,^,^,^,^,^,0.1,0.1,36.6%,54.0%,?
Kazakhstan,n/a,n/a,n/a,n/a,n/a,n/a,n/a,n/a,n/a,n/a,n/a,n/a,n/a,n/a,n/a,n/a,n/a,n/a,n/a,n/a,-,-,-,-,-,-,-,-,-,-,-,-,-,-,-,-,-,-,-,-,-,-,-,-,-,-,^,^,^,^,0.1,0.3,0.3,9.0%,?,?
Russian Federation,n/a,n/a,n/a,n/a,n/a,n/a,n/a,n/a,n/a,n/a,n/a,n/a,n/a,n/a,n/a,n/a,n/a,n/a,n/a,n/a,-,-,-,-,-,-,-,-,-,-,-,-,-,-,-,^,^,^,^,^,^,^,^,^,^,^,^,^,^,0.1,0.1,0.1,0.1,-2.0%,39.2%,?
Turkmenistan,n/a,n/a,n/a,n/a,n/a,n/a,n/a,n/a,n/a,n/a,n/a,n/a,n/a,n/a,n/a,n/a,n/a,n/a,n/a,n/a,-,-,-,-,-,-,-,-,-,-,-,-,-,-,-,-,-,-,-,-,-,-,-,-,-,-,-,-,-,-,-,-,-,?,?,?
Ukraine,n/a,n/a,n/a,n/a,n/a,n/a,n/a,n/a,n/a,n/a,n/a,n/a,n/a,n/a,n/a,n/a,n/a,n/a,n/a,n/a,-,-,-,-,-,-,-,-,-,-,-,-,-,^,^,^,^,^,^,^,^,^,^,^,^,^,0.1,0.3,0.6,1.1,1.1,1.0,1.0,2.5%,39.2%,0.1%
USSR,-,-,-,-,-,-,-,-,-,-,-,-,-,-,-,-,-,-,-,-,n/a,n/a,n/a,n/a,n/a,n/a,n/a,n/a,n/a,n/a,n/a,n/a,n/a,n/a,n/a,n/a,n/a,n/a,n/a,n/a,n/a,n/a,n/a,n/a,n/a,n/a,n/a,n/a,n/a,n/a,n/a,n/a,n/a,n/a,n/a,n/a
Uzbekistan,n/a,n/a,n/a,n/a,n/a,n/a,n/a,n/a,n/a,n/a,n/a,n/a,n/a,n/a,n/a,n/a,n/a,n/a,n/a,n/a,-,-,-,-,-,-,-,-,-,-,-,-,-,-,-,-,-,-,-,-,-,-,-,-,-,-,-,-,-,-,-,-,-,?,?,?
Other CIS,n/a,n/a,n/a,n/a,n/a,n/a,n/a,n/a,n/a,n/a,n/a,n/a,n/a,n/a,n/a,n/a,n/a,n/a,n/a,n/a,-,-,-,-,-,-,-,-,-,-,-,-,-,-,-,-,-,-,-,-,-,^,^,^,^,^,^,^,^,^,^,^,^,2.1%,6.8%,?
Total CIS,-,-,-,-,-,-,-,-,-,-,-,-,-,-,-,-,-,-,-,-,-,-,-,-,-,-,-,-,-,-,-,-,-,^,^,^,^,^,^,^,^,^,0.1,0.1,0.1,0.1,0.1,0.3,0.7,1.3,1.4,1.5,1.5,4.9%,42.1%,0.1%
,,,,,,,,,,,,,,,,,,,,,,,,,,,,,,,,,,,,,,,,,,,,,,,,,,,,,,,,
Iran,-,-,-,-,-,-,-,-,-,-,-,-,-,-,-,-,-,-,-,-,-,-,-,-,-,-,-,-,-,-,-,-,-,-,^,^,^,^,^,^,0.1,0.1,0.1,0.2,0.2,0.2,0.2,0.2,0.4,0.4,0.4,0.4,0.5,10.9%,12.6%,?
Iraq,-,-,-,-,-,-,-,-,-,-,-,-,-,-,-,-,-,-,-,-,-,-,-,-,-,-,-,-,-,-,-,-,-,-,-,-,-,-,-,-,-,-,-,-,-,-,-,-,-,-,-,-,-,?,?,?
Israel,-,-,-,-,-,-,-,-,-,-,-,-,-,-,-,-,-,-,-,-,-,-,-,-,-,-,-,-,-,-,-,-,-,-,-,-,^,^,^,^,^,^,^,^,^,^,^,^,^,^,^,^,^,63.9%,6.4%,?
Kuwait,-,-,-,-,-,-,-,-,-,-,-,-,-,-,-,-,-,-,-,-,-,-,-,-,-,-,-,-,-,-,-,-,-,-,-,-,-,-,-,-,-,-,-,-,-,-,-,-,-,-,-,-,-,?,?,?
Oman,-,-,-,-,-,-,-,-,-,-,-,-,-,-,-,-,-,-,-,-,-,-,-,-,-,-,-,-,-,-,-,-,-,-,-,-,-,-,-,-,-,-,-,-,-,-,-,-,-,-,-,-,-,?,?,?
Qatar,-,-,-,-,-,-,-,-,-,-,-,-,-,-,-,-,-,-,-,-,-,-,-,-,-,-,-,-,-,-,-,-,-,-,-,-,-,-,-,-,-,-,-,-,-,-,-,-,-,-,-,-,-,?,?,?
Saudi Arabia,-,-,-,-,-,-,-,-,-,-,-,-,-,-,-,-,-,-,-,-,-,-,-,-,-,-,-,-,-,-,-,-,-,-,-,-,-,-,-,-,-,-,-,-,-,-,-,-,-,-,-,-,-,?,?,?
United Arab Emirates,-,-,-,-,-,-,-,-,-,-,-,-,-,-,-,-,-,-,-,-,-,-,-,-,-,-,-,-,-,-,-,-,-,-,-,-,-,-,-,-,-,-,-,-,-,-,-,-,^,^,^,^,^,-33.3%,?,?
Other Middle East,-,-,-,-,-,-,-,-,-,-,-,-,-,-,-,-,-,-,-,-,-,-,-,-,-,^,^,^,^,^,^,^,^,^,^,^,^,^,^,^,^,^,^,^,^,^,^,^,^,^,0.1,0.4,0.5,26.3%,62.8%,?
Total Middle East,-,-,-,-,-,-,-,-,-,-,-,-,-,-,-,-,-,-,-,-,-,-,-,-,-,^,^,^,^,^,^,^,^,^,^,^,^,^,^,0.1,0.1,0.1,0.2,0.2,0.2,0.2,0.2,0.2,0.4,0.4,0.5,0.8,1.0,19.4%,19.5%,0.1%
,,,,,,,,,,,,,,,,,,,,,,,,,,,,,,,,,,,,,,,,,,,,,,,,,,,,,,,,
Algeria,-,-,-,-,-,-,-,-,-,-,-,-,-,-,-,-,-,-,-,-,-,-,-,-,-,-,-,-,-,-,-,-,-,-,-,-,-,-,-,-,-,-,-,-,-,-,-,-,-,^,^,^,^,?,?,?
Egypt,-,-,-,-,-,-,-,-,-,-,-,-,-,-,-,-,-,-,-,-,-,-,-,-,-,-,-,-,-,-,-,-,-,-,^,0.1,0.2,0.2,0.3,0.5,0.5,0.6,0.7,0.9,1.0,1.4,1.6,1.8,1.5,1.1,1.9,2.5,2.5,0.5%,15.4%,0.2%
Morocco,-,-,-,-,-,-,-,-,-,-,-,-,-,-,-,-,-,-,-,-,-,-,-,-,-,-,-,-,-,-,-,-,-,-,-,0.1,0.2,0.2,0.2,0.2,0.2,0.2,0.3,0.3,0.4,0.7,0.7,0.7,1.2,1.9,2.5,3.0,3.0,1.4%,32.3%,0.3%
South Africa,-,-,-,-,-,-,-,-,-,-,-,-,-,-,-,-,-,-,-,-,-,-,-,-,-,-,-,-,-,-,-,-,-,-,-,-,-,-,^,^,^,^,^,^,^,^,^,^,^,1.1,3.1,4.2,4.6,9.6%,79.7%,0.4%
Eastern Africa,-,-,-,-,-,-,-,-,-,-,-,-,-,-,-,-,-,-,-,-,-,-,-,-,-,-,-,-,-,-,-,-,-,-,-,^,-,^,^,^,^,^,^,^,^,^,^,0.2,0.3,0.4,0.8,0.9,0.9,-2.5%,68.6%,0.1%
Middle Africa,-,-,-,-,-,-,-,-,-,-,-,-,-,-,-,-,-,-,-,-,-,-,-,-,-,-,-,-,-,-,-,-,-,-,-,-,-,-,-,-,-,-,-,-,-,-,-,-,-,-,-,-,-,?,?,?
Western Africa,-,-,-,-,-,-,-,-,-,-,-,-,-,-,-,-,-,-,-,-,-,-,-,-,-,-,-,-,^,^,^,^,^,^,^,^,^,^,^,^,^,^,^,^,^,^,^,0.1,0.1,0.1,0.2,0.3,0.3,?,39.2%,?
Other Northern Africa,-,-,-,-,-,-,-,-,-,-,-,-,-,-,-,-,-,-,-,-,-,-,-,-,-,-,-,-,-,-,-,-,-,-,-,^,^,^,^,^,^,^,^,^,0.1,0.1,0.1,0.2,0.4,0.5,0.4,0.5,0.4,-5.2%,28.7%,?
Other Southern Africa,-,-,-,-,-,-,-,-,-,-,-,-,-,-,-,-,-,-,-,-,-,-,-,-,-,-,-,-,-,-,-,-,-,-,-,-,-,-,-,-,-,-,-,-,-,-,-,-,-,-,-,-,-,?,?,?
Total Africa,-,-,-,-,-,-,-,-,-,-,-,-,-,-,-,-,-,-,-,-,-,-,-,-,-,-,-,-,^,^,^,^,^,^,^,0.2,0.4,0.4,0.5,0.8,0.8,0.9,1.0,1.3,1.6,2.3,2.5,3.0,3.6,5.2,8.9,11.4,11.8,3.6%,29.6%,1.0%
,,,,,,,,,,,,,,,,,,,,,,,,,,,,,,,,,,,,,,,,,,,,,,,,,,,,,,,,
Australia,-,-,-,-,-,-,-,-,-,-,-,-,-,-,-,-,-,-,-,-,-,-,-,-,-,-,-,-,^,^,^,^,^,^,^,0.1,0.3,0.5,0.7,0.8,1.3,2.2,2.9,3.5,4.4,5.0,6.4,7.7,9.3,9.8,11.8,13.0,12.7,-2.5%,19.7%,1.1%
Bangladesh,-,-,-,-,-,-,-,-,-,-,-,-,-,-,-,-,-,-,-,-,-,-,-,-,-,-,-,-,-,-,-,-,-,-,-,-,-,-,-,-,-,^,^,^,^,^,^,^,^,^,^,^,^,?,14.5%,?
China,-,-,-,-,-,-,-,-,-,-,-,-,-,-,-,-,-,-,-,-,-,-,-,-,-,^,^,0.1,0.2,0.4,0.6,0.1,0.2,0.4,0.5,0.6,0.7,0.8,1.0,1.3,1.9,3.7,5.5,13.1,27.6,44.6,70.3,96.0,141.2,156.1,185.8,237.1,286.1,21.0%,51.5%,25.5%
China Hong Kong SAR,-,-,-,-,-,-,-,-,-,-,-,-,-,-,-,-,-,-,-,-,-,-,-,-,-,-,-,-,-,-,-,-,-,-,-,-,-,-,-,-,-,^,^,^,^,^,^,^,^,^,^,^,^,68.1%,-3.4%,?
India,-,-,-,-,-,-,-,-,-,-,-,-,-,-,-,-,-,-,-,-,-,-,-,-,-,^,0.1,0.1,0.1,0.2,0.5,0.9,1.0,1.1,1.4,1.6,2.1,2.1,2.6,5.2,6.0,9.3,11.7,14.4,16.3,19.5,24.0,27.4,30.0,33.5,32.7,43.5,52.6,21.4%,16.6%,4.7%
Indonesia,-,-,-,-,-,-,-,-,-,-,-,-,-,-,-,-,-,-,-,-,-,-,-,-,-,-,-,-,-,-,-,-,-,-,-,-,-,-,-,-,-,-,^,^,^,^,^,^,^,-,^,^,^,?,?,?
Japan,-,-,-,-,-,-,-,-,-,-,-,-,-,-,-,-,-,-,-,-,-,-,-,-,-,-,-,-,^,^,^,^,^,^,^,0.1,0.3,0.4,0.8,1.4,1.9,2.1,2.7,2.9,3.4,3.9,4.5,4.7,5.1,5.0,5.2,5.3,5.7,7.7%,9.6%,0.5%
Malaysia,-,-,-,-,-,-,-,-,-,-,-,-,-,-,-,-,-,-,-,-,-,-,-,-,-,-,-,-,-,-,-,-,-,-,-,-,-,-,-,-,-,-,-,-,-,-,-,-,-,-,-,-,-,?,?,?
New Zealand,-,-,-,-,-,-,-,-,-,-,-,-,-,-,-,-,-,-,-,-,-,-,-,-,-,-,-,^,^,^,^,^,^,^,^,0.1,0.1,0.2,0.1,0.4,0.6,0.6,0.9,1.1,1.5,1.6,2.0,2.1,2.0,2.2,2.4,2.3,2.2,-5.2%,14.1%,0.2%
Pakistan,-,-,-,-,-,-,-,-,-,-,-,-,-,-,-,-,-,-,-,-,-,-,-,-,-,-,-,-,-,-,-,-,-,-,-,-,-,-,-,-,-,-,-,^,^,^,^,0.1,0.3,0.5,0.5,0.9,1.3,53.8%,?,0.1%
Philippines,-,-,-,-,-,-,-,-,-,-,-,-,-,-,-,-,-,-,-,-,-,-,-,-,-,-,-,-,-,-,-,-,-,-,-,-,-,-,-,-,^,0.1,0.1,0.1,0.1,0.1,0.1,0.1,0.1,0.2,0.7,1.0,0.7,-29.0%,33.7%,0.1%
Singapore,-,-,-,-,-,-,-,-,-,-,-,-,-,-,-,-,-,-,-,-,-,-,-,-,-,-,-,-,-,-,-,-,-,-,-,-,-,-,-,-,-,-,-,-,-,-,-,-,-,-,-,-,-,?,?,?
South Korea,-,-,-,-,-,-,-,-,-,-,-,-,-,-,-,-,-,-,-,-,-,-,-,-,-,-,-,-,^,^,-,-,^,^,^,^,^,^,^,^,0.1,0.2,0.4,0.4,0.7,0.8,0.9,0.9,1.1,1.1,1.3,1.7,2.0,18.5%,21.6%,0.2%
Sri Lanka,-,-,-,-,-,-,-,-,-,-,-,-,-,-,-,-,-,-,-,-,-,-,-,-,-,-,-,-,-,-,-,-,-,-,^,^,^,^,^,^,^,^,^,^,^,0.1,0.1,0.1,0.2,0.3,0.3,0.3,0.4,5.3%,65.0%,?
Taiwan,-,-,-,-,-,-,-,-,-,-,-,-,-,-,-,-,-,-,-,-,-,-,-,-,-,-,-,-,-,-,-,-,-,-,-,^,^,^,^,^,0.1,0.3,0.4,0.6,0.8,1.0,1.5,1.4,1.6,1.5,1.5,1.5,1.7,17.4%,18.1%,0.2%
Thailand,-,-,-,-,-,-,-,-,-,-,-,-,-,-,-,-,-,-,-,-,-,-,-,-,-,-,-,-,-,-,-,-,-,-,-,-,-,-,-,-,-,^,^,^,^,^,^,^,0.4,0.3,0.3,0.5,0.8,53.2%,134.7%,0.1%
Vietnam,-,-,-,-,-,-,-,-,-,-,-,-,-,-,-,-,-,-,-,-,-,-,-,-,-,-,-,-,-,-,-,-,-,-,-,-,-,-,-,-,-,-,-,^,^,^,^,^,0.1,0.1,0.2,0.3,0.3,23.2%,?,?
Other Asia Pacific,-,-,-,-,-,-,-,-,-,-,-,-,-,-,-,-,-,-,-,-,-,-,-,-,-,-,-,-,-,-,-,^,^,^,^,^,^,^,^,^,^,^,^,^,0.1,0.1,0.1,0.1,0.1,0.2,0.2,0.2,0.3,38.1%,22.1%,?
Total Asia Pacific,-,-,-,-,-,-,-,-,-,-,-,-,-,-,-,-,-,-,-,-,-,-,-,-,-,^,0.1,0.2,0.3,0.6,1.1,1.0,1.2,1.5,2.1,2.6,3.5,4.1,5.3,9.2,12.0,18.6,24.6,36.1,54.8,76.7,109.8,140.7,191.5,210.6,243.1,307.5,366.8,19.6%,32.4%,32.7%
,,,,,,,,,,,,,,,,,,,,,,,,,,,,,,,,,,,,,,,,,,,,,,,,,,,,,,,,
Total World,-,-,-,-,-,-,-,-,-,-,-,-,-,^,^,^,^,^,^,^,0.1,0.1,0.2,0.3,2.6,3.6,4.1,4.7,5.7,7.1,8.3,9.2,12.0,15.9,21.2,31.4,38.4,52.3,62.9,85.1,104.1,132.9,170.7,220.6,275.9,341.6,436.8,523.8,645.7,712.4,831.8,959.5,1122.7,17.3%,21.9%,100.0%
of which: OECD,-,-,-,-,-,-,-,-,-,-,-,-,-,^,^,^,^,^,^,^,0.1,0.1,0.2,0.3,2.6,3.6,4.0,4.5,5.4,6.5,7.1,8.2,10.7,14.3,19.1,28.8,34.8,48.4,58.2,77.2,94.6,117.6,150.4,188.9,226.8,269.2,330.8,382.7,450.0,488.0,558.5,606.9,698.9,15.5%,17.8%,62.3%
                 Non-OECD,-,-,-,-,-,-,-,-,-,-,-,-,-,-,-,-,-,-,-,-,-,-,-,-,-,^,0.1,0.2,0.3,0.6,1.1,1.0,1.3,1.6,2.1,2.7,3.6,3.9,4.7,8.0,9.5,15.3,20.3,31.7,49.1,72.4,106.0,141.1,195.7,224.4,273.4,352.6,423.8,20.5%,36.9%,37.7%
                 European Union #,-,-,-,-,-,-,-,-,-,-,-,-,-,^,^,^,^,^,^,^,0.1,0.1,0.2,0.3,0.5,0.8,1.0,1.5,2.3,3.0,3.9,4.8,7.3,11.2,14.2,22.4,26.8,36.3,44.2,58.9,70.5,82.3,104.4,119.5,132.8,149.5,180.5,207.0,237.9,252.7,303.3,304.2,362.3,19.4%,14.0%,32.3%
,,,,,,,,,,,,,,,,,,,,,,,,,,,,,,,,,,,,,,,,,,,,,,,,,,,,,,,,
 * Based on gross generation and not accounting for cross-border electricity supply.,,,,,,,,,,,,,,,,,,,,,,,,,,,,,,,,,,,,,,,,,,,,,,,,,,,,,,,,
 ^ Less than 0.05.,,,,,,,,,,,,,,,,,,,,,,,,,,,,,,,,,,,,,,,,,,,,,,,,,,,,,,,,
 ? Less than 0.05%.,,,,,,,,,,,,,,,,,,,,,,,,,,,,,,,,,,,,,,,,,,,,,,,,,,,,,,,,
 n/a not available.,,,,,,,,,,,,,,,,,,,,,,,,,,,,,,,,,,,,,,,,,,,,,,,,,,,,,,,,
USSR includes Georgia and the Baltic states.,,,,,,,,,,,,,,,,,,,,,,,,,,,,,,,,,,,,,,,,,,,,,,,,,,,,,,,,
" #  Excludes Estonia, Latvia and Lithuania prior to 1985 and Croatia and Slovenia prior to 1990.",,,,,,,,,,,,,,,,,,,,,,,,,,,,,,,,,,,,,,,,,,,,,,,,,,,,,,,,
Notes: Annual changes and shares of total are calculated using terawatt-hours figures.,,,,,,,,,,,,,,,,,,,,,,,,,,,,,,,,,,,,,,,,,,,,,,,,,,,,,,,,
Growth rates are adjusted for leap years.,,,,,,,,,,,,,,,,,,,,,,,,,,,,,,,,,,,,,,,,,,,,,,,,,,,,,,,,
